province;red;green;blue;x;x
1;0;47;0;Wasteland;x
2;187;24;90;Qazvin;x
3;59;92;255;Hamadan;x
4;111;33;184;Zagros;x
5;61;120;192;Rey;x
6;222;79;239;Elburz;x
7;187;24;155;Semnan;x
8;187;205;22;Qom;x
9;189;122;255;Isfahan;x
10;187;90;192;Lorestan;x
11;17;195;138;Shushtar;x
12;58;88;128;Ahvaz;x
13;208;198;117;Malamir;x
14;255;112;90;Yasuj;x
15;61;124;0;Bushehr;x
16;212;14;89;Kazarun;x
17;165;72;84;Sarvestan;x
18;176;122;149;Abarquh;x
19;184;54;0;Qatar;x
20;56;56;64;Bahrain;x
21;184;58;128;Bani Yas;x
22;56;60;192;Qawasim;x
23;185;62;255;Suhar;x
24;57;64;0;Muscat;x
25;185;66;64;Dhofar;x
26;57;68;128;Mahra;x
27;185;70;192;Nizwa;x
28;57;72;255;Liwa;x
29;189;118;128;Shahrud;x
30;189;126;64;Hormuz;x
31;61;128;128;Kerman;x
32;189;130;192;Dash-i-Lut;x
33;62;132;255;Quhistan;x
34;190;134;0;Sistan;x
35;62;136;64;Birjand;x
36;191;154;0;Marv;x
37;63;156;64;Herat;x
38;191;158;128;Kandahar;x
39;64;32;192;Gazni;x
40;192;34;255;Ghor;x
41;64;36;0;Balkh;x
42;192;38;64;Kabul;x
43;199;142;192;Kutch;x
44;72;144;255;Thatta;x
45;200;146;0;Sehwan;x
46;72;148;64;Multan;x
47;200;150;128;Lahore;x
48;72;152;192;Kashmir;x
49;200;154;255;Kangra;x
50;72;156;0;Sirhind;x
51;201;158;64;Garhwal;x
52;73;32;128;Jangladesh;x
53;201;34;192;Jaisalmer;x
54;73;36;255;Marwar;x
55;201;38;0;Girnar;x
56;73;40;64;Baroda;x
57;201;42;128;Surat;x
58;74;44;192;Chittorgarh;x
59;202;46;255;Dundhar;x
60;74;48;0;Mewat;x
61;202;50;64;Rajkot;x
62;74;52;128;Delhi;x
63;202;54;192;Oudh;x
64;74;56;255;Central Doab;x
65;203;58;0;Gird;x
66;75;60;64;Mandu;x
67;203;62;128;Khandesh;x
68;75;64;192;Hadoti;x
69;203;66;255;North Konkan;x
70;75;68;0;South Konkan;x
71;203;70;64;North Kanara;x
72;76;72;128;Raichur Doab;x
73;204;74;192;Mysore;x
74;76;76;255;Malabar;x
75;204;78;0;Kochin;x
76;76;80;64;Madurai;x
77;204;82;128;Venad;x
78;76;84;192;Kongu;x
79;205;86;255;Tondainadu;x
80;77;88;0;Coromandel;x
81;205;90;64;Vijayanagar;x
82;77;92;128;Golconda;x
83;205;94;192;Velanadu;x
84;77;96;255;Ahmadnagar;x
85;205;98;0;Marathwada;x
86;78;100;64;East Berar;x
87;206;102;128;Bastar;x
88;78;104;192;West Berar;x
89;206;106;255;Kalingandhra;x
90;78;108;0;Mahakoshal;x
91;206;110;64;Mandla;x
92;78;112;128;Cuttack;x
93;207;114;192;Sambalpur;x
94;79;116;255;Baisi Rayja;x
95;207;118;0;Jaunpur;x
96;79;120;64;Lower Doab;x
97;207;122;128;Katmandu;x
98;79;124;192;Patna;x
99;207;126;255;Bundelkhand;x
100;80;128;0;Jharkand;x
101;208;130;64;Bengal Delta;x
102;80;132;128;Koch;x
103;208;134;192;Gauda;x
104;80;136;255;Dacca;x
105;208;138;0;Bhutan;x
106;80;140;64;Assam;x
107;209;142;128;Sylhet;x
108;81;144;192;Chittagong;x
109;209;146;255;Bijapur;x
110;81;148;0;Naga;x
111;209;150;64;Darrang;x
112;81;152;128;Kotte;x
113;209;154;192;Kachar;x
114;82;156;255;The Andamans;x
115;210;158;0;Eastern Makran;x
116;82;32;64;Indus;x
117;210;34;128;Quetta;x
118;82;36;192;Khyber;x
119;210;38;255;Arakan;x
120;82;40;0;Chin;x
121;211;42;64;Sagaing;x
122;83;44;128;Kachin;x
123;211;46;192;Hsenwi;x
124;83;48;255;Kyuakse;x
125;211;50;0;Toungoo;x
126;83;52;64;Pegu;x
127;211;54;128;Keng Tung;x
128;84;56;192;Mongnai;x
129;212;58;255;Chiang Mai;x
130;84;60;0;Moulmein;x
131;212;62;64;Tenasserim;x
132;84;64;128;Ratchaburi;x
133;212;66;192;Ligore;x
134;84;68;255;Pattani;x
135;213;70;0;Perak;x
136;85;72;64;Malacca;x
137;213;74;128;Johor;x
138;85;76;192;Pahang;x
139;213;78;255;Kelantan;x
140;85;80;0;Ayutthaya;x
141;213;82;64;Sukthothai;x
142;86;84;128;Chian Rai;x
143;214;86;192;Rayong;x
144;86;88;255;Udong;x
145;214;90;0;Prei Nokoi;x
146;86;92;64;Panduranga;x
147;214;94;128;Vijaya;x
148;86;96;192;Champassak;x
149;215;98;255;Siem Reap;x
150;87;100;0;Binh Tri Thien;x
151;215;102;64;Thakhek;x
152;87;104;128;Khorat;x
153;215;106;192;Thang Long;x
154;87;108;255;Vientiane;x
155;215;110;0;Luang Prabang;x
156;88;112;64;Viet Bac;x
157;216;114;128;Aceh;x
158;88;116;192;Aru;x
159;216;118;255;Minangkabau;x
160;88;120;0;Siak;x
161;216;122;64;Benkulen;x
162;88;124;128;Palembang;x
163;217;126;192;Lampung;x
164;89;128;255;Banten;x
165;217;130;0;Priangan;x
166;89;132;64;Mataram;x
167;217;134;128;Blambangan;x
168;89;136;192;Surabaya;x
169;217;138;255;Demak;x
170;90;140;0;Sunda;x
171;218;142;64;Bali-Lombok;x
172;90;144;128;Sumbawa;x
173;218;146;192;Flores;x
174;218;150;0;Timor;x
175;90;152;64;Brunei;x
176;219;154;128;Sabah;x
177;91;156;192;Kutei;x
178;219;158;255;Banjarmasin;x
179;91;32;0;Sukadane;x
180;219;34;64;Makassar;x
181;91;36;128;Bone;x
182;219;38;192;Pose;x
183;92;40;255;Menade;x
184;220;42;0;Buru;x
185;92;44;64;Ambom;x
186;220;46;128;Ceram;x
187;92;48;192;Halmahera;x
188;220;50;255;Ternate;x
189;92;52;0;Tidore;x
190;221;54;64;Sulu;x
191;93;56;128;Maguindanae;x
192;221;58;192;Tagoloan;x
193;93;60;255;Samar;x
194;221;62;0;Palawan;x
195;93;64;64;Manila;x
196;221;66;128;Samtoy;x
197;94;68;192;Cagayan;x
198;222;70;255;Riau;x
660;94;72;0;Xishuan Banna;x
661;222;74;64;Dali;x
662;94;76;128;Yunnan;x
663;222;78;192;Wenshan;x
664;94;80;255;Guangxi;x
665;223;82;0;XXX;x
666;95;84;64;Hainan;x
667;223;86;128;Guangzhou;x
668;95;88;192;Macau;x
669;223;90;255;Fuzhou;x
670;95;92;0;Ganzhou;x
671;223;94;64;Changsha;x
672;96;96;128;Chenzhou;x
673;224;98;192;Bozhou;x
674;96;100;255;Guiyang;x
675;224;102;0;Liangshan;x
676;96;104;64;U-Tsang;x
677;224;106;128;Qamdo;x
678;96;108;192;Kham;x
679;225;110;255;Sichuan Pendi;x
680;97;112;0;Shenquing;x
681;225;114;64;Yichuan;x
682;97;116;128;Hanyang;x
683;225;118;192;Nanchang;x
684;97;120;255;Hangzhou;x
685;225;122;0;Huai'an;x
686;98;124;64;Anqing;x
687;226;126;128;Running;x
688;98;128;192;Kaifeng;x
689;226;130;255;Fengyuan;x
690;98;132;0;Shandong Bandao;x
691;226;134;64;Jinan;x
692;98;136;128;Handan;x
693;227;138;192;Sanguan;x
694;99;140;255;Changzhi;x
695;227;142;0;Beijing;x
696;99;144;64;Xuan Fu;x
697;227;146;128;Datong;x
698;99;148;192;Guyuan;x
699;227;150;255;Lanzhou;x
700;100;152;0;Shaanxi;x
701;228;154;64;Ordos;x
702;100;156;128;Ulaanchab;x
703;228;158;192;Chengde;x
704;100;32;255;Liaoxi;x
705;228;34;0;Dangla;x
706;100;36;64;Amdo;x
707;229;38;128;Yumen;x
708;101;40;192;Gansu;x
709;229;42;255;Ningxia;x
710;101;44;0;Hotan;x
711;229;46;64;Qarqan;x
712;101;48;128;Uighuristan;x
713;229;50;192;Kuruk Tag;x
714;102;52;255;Dzungaria;x
715;230;54;0;Urumqi;x
716;102;56;64;Tannu Tuva;x
717;230;58;128;Selenge;x
718;102;60;192;Govi Altay;x
719;230;62;255;Khangai;x
720;102;64;0;Dorno Govi;x
721;231;66;64;Dornod;x
722;103;68;128;Chahar;x
723;231;70;192;Xilin Gol;x
724;103;72;255;Yakesa;x
725;231;74;0;Hinggan;x
726;103;76;64;Liaodong;x
727;231;78;128;Heilongjiang;x
728;104;80;192;Sanxing;x
729;232;82;255;Wusuli;x
730;104;84;0;Haixi;x
731;232;86;64;Ninguta;x
732;104;88;128;Hamheung;x
733;232;90;192;Hwangju;x
734;104;92;255;Gangwon;x
735;153;134;173;Hanseong;x
736;217;164;164;Sangju;x
737;233;98;128;Jeonju;x
738;105;100;192;Taiwan;x
739;233;102;255;Kashgar;x
740;105;104;0;Chanderi;x
1012;25;132;126;Satsuma;x
1013;233;94;0;Cheongju;x
1014;25;136;32;Bungo;x
1015;153;138;79;Okinawa;x
1016;26;140;126;Nghe An;x
1017;154;142;173;Suo;x
1018;26;144;32;Izumo;x
1019;154;146;79;Harima;x
1020;26;148;126;Kyoto;x
1021;154;150;173;Settsu;x
1022;26;152;32;Amaravati;x
1023;155;154;79;Echizen;x
1024;27;156;126;Echigo;x
1025;155;158;173;Dewa;x
1026;27;32;32;Mutsu;x
1027;155;34;79;Hitachi;x
1028;27;36;126;Musashi;x
1029;155;38;173;Kai;x
1030;28;40;32;Owari;x
1031;156;42;79;Kamikawa;x
1032;28;44;126;Kurils;x
1033;156;46;173;Sakhalin;x
1035;156;50;79;Penchisky;x
1036;28;52;126;Podzhiversk;x
1037;157;54;173;Nizhe-Kolymsk;x
1038;29;56;32;Anadyrsk;x
1042;29;64;32;Kamnuskoye;x
1046;30;243;32;Butalsk;x
1047;158;174;79;Jugjur;x
1048;30;76;126;Udskoye;x
1049;158;78;173;Saghalian Oula;x
1050;30;80;32;Deren;x
1051;159;82;79;Uchurskoye;x
1052;31;84;126;Verkohzehkoye;x
1053;159;86;173;Albazinsky;x
1054;31;88;32;Ilimsk;x
1055;159;90;79;Verkne-Angarsky;x
1056;31;92;126;Barguzinsky;x
1057;159;94;173;Udinsky;x
1058;32;96;32;Nerchinsky;x
1059;160;98;79;Bratsk;x
1060;32;100;126;Irkutsk;x
1061;160;102;173;Yeniseysk;x
1062;32;104;32;Kachinsk;x
1063;160;106;79;Sayan;x
1064;32;108;126;Tomsk;x
1065;161;110;173;Kuznetsk;x
1066;33;112;32;Altai;x
1067;161;114;79;Narym;x
1068;33;116;126;Pegaya Orda;x
1069;161;118;173;Surgut;x
1070;33;120;32;Koda;x
1071;161;122;79;Tara;x
1072;34;124;126;Obdorsk;x
1073;162;226;173;Berezov;x
1074;34;228;32;Sibir;x
1075;162;130;79;Tyumen;x
1076;34;132;126;Kurgan;x
1077;162;134;173;Solikamsk;x
1078;34;136;32;Middle Urals;x
1079;163;138;79;Viatka;x
1080;35;140;126;North Urals;x
1081;163;142;173;Simbirsk;x
1082;35;144;32;Kazan;x
1083;163;146;79;Zavolochye;x
1084;35;148;126;Wadjuk;x
1085;163;150;173;Paredarerme;x
1086;36;152;32;Kaurna;x
1087;164;154;79;Woiworung;x
1088;36;156;126;Wergaia;x
1089;164;158;173;Wiradjuri;x
1090;36;232;32;Eora;x
1091;164;34;79;Kamilaroi;x
1092;36;36;126;Bundjalung;x
1093;165;38;173;Barunggam;x
1094;37;240;32;Gubbi Gubbi;x
1095;165;42;79;Falklands;x
1096;37;44;126;Cape Verde;x
1097;165;46;173;Fernando Po;x
1098;37;248;32;St. Helena;x
1099;165;50;79;Socotra;x
1100;38;52;126;Mahe;x
1101;166;54;173;Diego Garcia;x
1102;38;247;32;Mauritius;x
1103;166;58;79;Bourbon;x
1206;53;136;32;Mayertern;x
1235;185;66;79;Guam;x
1236;57;68;126;Rabaul;x
1237;185;70;173;Papua;x
1238;57;172;32;Solomon Islands;x
1239;185;74;79;Vanuatu;x
1241;186;78;173;Kiribati;x
1242;58;180;32;Fiji;x
1243;186;82;79;Samoa;x
1244;58;84;126;Tahiti;x
1245;186;86;173;Irian;x
1248;59;92;126;Maldives;x
1330;81;200;200;Straits of Obokk;x
1331;82;200;250;Bal el Mandeb;x
1332;83;220;250;Coast of Mascate;x
1333;84;250;250;Gulf of Masirah;x
1334;85;200;200;Straits of Hormuz;x
1335;86;200;250;Persian Gulf;x
1336;87;220;250;Gulf of Indus;x
1337;88;250;250;Gulf of Gujarat;x
1338;89;200;200;Laquedive Islands;x
1339;90;200;250;Coast of Malabar;x
1340;91;220;250;Comorin Cape;x
1341;92;250;250;Coast of Caramandel;x
1342;93;200;200;Coast of Orissa;x
1343;94;200;250;Ganges Delta;x
1344;95;220;250;Akyab Bay;x
1345;96;250;250;Irrawady Delta;x
1346;97;200;200;Andaman Sea;x
1347;98;200;250;Mergui Archipelago;x
1348;99;220;250;Straits of Malacca;x
1349;100;250;250;Nicobar Isles;x
1350;101;200;200;Coast of Atjeh;x
1351;102;200;250;Coast of Sumatra;x
1352;103;220;250;Christmas Island;x
1353;104;250;250;Coast of Java;x
1354;105;200;200;Coast of Surabaya;x
1355;106;200;250;Straits of Lombok;x
1356;107;220;250;Timor Sea;x
1357;108;250;250;The Moluccas;x
1358;109;200;200;Java Sea;x
1359;110;200;250;Straits of Makassar;x
1360;111;220;250;Karimata Strait;x
1361;112;250;250;Straits of Johore;x
1362;113;200;200;Malayan Sea;x
1363;114;200;250;Coast of Sarawk;x
1364;115;220;250;Mekong Delta;x
1365;116;250;250;Gulf of Siam;x
1366;117;200;200;Cam Rah Bay;x
1367;118;200;250;South China Sea;x
1368;119;220;250;Coast of Brunei;x
1369;120;250;250;Coast of Annam;x
1370;121;200;200;Gulf of Tonkin;x
1371;122;200;250;Guanghou Bay;x
1372;123;220;250;Taiwan Strait;x
1373;124;250;250;Yang Tse Delta;x
1374;125;200;200;Western Yellow Sea;x
1375;126;200;250;Korea Bay;x
1376;127;220;250;South Korean Sea;x
1377;0;251;251;North Korean Sea;x
1378;1;201;201;Coast of Olga;x
1379;2;201;251;Tatar Straits;x
1380;3;221;251;Amur Delta;x
1381;4;251;251;Baj of Ayan;x
1382;5;201;201;Bay of Komenskoie;x
1383;6;201;251;Coast of Kamchatska;x
1384;7;221;251;Oktothsk Sea;x
1385;8;251;251;Coast Sahkalin;x
1386;9;201;201;Soya Strait;x
1387;10;201;251;Tsugaru Strait;x
1388;11;221;251;Yamato Basin;x
1389;12;251;251;Amakusa Sea;x
1390;13;201;201;Setto Inland Sea;x
1391;14;201;251;Kii Channel;x
1392;15;221;251;Ryukyu Islands;x
1393;16;251;251;Luzon Strait;x
1394;17;201;201;Paracel Islands;x
1395;18;201;251;Manila Bay;x
1396;19;221;251;Coast of Luzon;x
1397;20;251;251;Gulf of Leyte;x
1398;21;201;201;Sulu Sea;x
1399;22;201;251;Sea of Celebes;x
1400;23;221;251;Sea of Ternete;x
1401;24;251;251;Sea of Banda;x
1402;25;201;201;Philipine Sea;x
1403;26;201;251;Palau Islands;x
1404;27;221;251;Biak Bay;x
1405;28;251;251;Vilian Strait;x
1406;29;201;201;Trobrian Islands;x
1407;30;201;251;Torres Strait;x
1408;31;221;251;Arafuam Sea;x
1409;32;251;251;Kolepom Bay;x
1410;33;201;201;Gulf of Carpentaria;x
1411;34;201;251;Great Barrier Reef;x
1412;35;221;251;Capricorn Bay;x
1413;36;251;251;Cape Howe;x
1414;37;201;201;Bass Strait;x
1415;38;201;251;Kangaroo Island;x
1416;39;221;251;Great Australian Bight;x
1417;40;251;251;Cape Leuwiin;x
1418;41;201;201;Shark Bay;x
1419;42;201;251;Northwest Cape;x
1420;43;221;251;King Sound;x
1421;44;251;251;Tasman Sea;x
1422;45;201;201;Southern Tasman Sea;x
1423;46;201;251;Cook Strait;x
1424;47;221;251;Northern Tasman Sea;x
1425;48;251;251;Cape Farwell;x
1426;49;201;201;Coast of New Zealand;x
1427;50;201;251;Cantebury Bight;x
1428;51;221;251;Sea of Antarctica;x
1429;52;251;251;New Caledonian Sea;x
1430;53;201;201;Coral Sea;x
1431;54;201;251;Gilbert Sea;x
1432;55;221;251;Solomon Sea;x
1433;56;251;251;Nauru Island;x
1434;57;201;201;Melanesia Sea;x
1435;58;201;251;Micronesia Sea;x
1436;59;221;251;Yap Islands;x
1437;60;251;251;Mariana Islands;x
1438;61;201;201;Tinian Sea;x
1439;62;201;251;Iwo Jima Sea;x
1440;63;221;251;Sanriku Coast;x
1441;64;251;251;The Kuriles;x
1442;65;201;201;Bay of Uka;x
1443;66;201;251;Bay of Oljut;x
1444;67;221;251;Bay of Anadyr;x
1445;68;251;251;Bering Sea;x
1446;69;201;201;Horn of Africa;x
1447;70;201;251;Coast of Pepper;x
1448;71;221;251;Zanzibar Strait;x
1449;72;251;251;Mozambique Channel;x
1450;73;201;201;Diego Suarez Bay;x
1451;74;201;251;Western Arabian Sea;x
1452;75;221;251;Eastern Arabian Sea;x
1453;76;251;251;The Seychelles;x
1610;105;202;202;Cape of Storms;x
1611;106;202;252;Gulf of Bengal;x
1612;107;222;252;Northen Bay of Bengal;x
1613;108;252;252;Southern Bay of Bengal;x
1614;109;202;202;Ceylon Sea;x
1615;110;202;252;Coast of Maldives;x
1616;111;222;252;Indian Ocean #1;x
1617;112;252;252;Indian Ocean #2;x
1618;113;202;202;Indian Ocean #3;x
1619;114;202;252;Indian Ocean #4;x
1620;115;222;252;Indian Ocean #5;x
1621;116;252;252;Indian Ocean #6;x
1622;117;202;202;Indian Ocean #7;x
1623;118;202;252;Indian Ocean #8;x
1624;119;222;252;Indian Ocean #9;x
1625;120;252;252;Indian Ocean #10;x
1626;121;202;202;Indian Ocean #11;x
1627;122;202;252;Indian Ocean #12;x
1628;123;222;252;Indian Ocean #13;x
1629;124;252;252;Indian Ocean #14;x
1630;125;202;202;Indian Ocean #15;x
1631;126;202;252;Indian Ocean #16;x
1632;127;222;252;Indian Ocean #17;x
1633;0;253;253;Indian Ocean #18;x
1634;1;203;203;Indian Ocean #19;x
1635;2;203;253;Indian Ocean #20;x
1636;3;223;253;Indian Ocean #21;x
1637;4;253;253;Indian Ocean #22;x
1638;5;203;203;Indian Ocean #23;x
1639;6;203;253;Indian Ocean #24;x
1640;7;223;253;Indian Ocean #25;x
1641;8;253;253;Indian Ocean #26;x
1642;9;203;203;Indian Ocean #27;x
1643;10;203;253;Indian Ocean #28;x
1644;11;223;253;Indian Ocean #29;x
1645;12;253;253;Indian Ocean #30;x
1646;13;203;203;Indian Ocean #31;x
1647;14;203;253;Indian Ocean #32;x
1655;22;203;253;Poyang Lake;x
1666;33;203;203;Western Pacific #1;x
1667;34;203;253;Western Pacific #2;x
1668;35;223;253;Western Pacific #3;x
1669;36;253;253;Western Pacific #4;x
1670;37;203;203;Western Pacific #5;x
1671;38;203;253;Western Pacific #6;x
1672;39;223;253;Western Pacific #7;x
1673;40;253;253;Western Pacific #8;x
1674;41;203;203;Western Pacific #9;x
1675;42;203;253;Western Pacific #10;x
1676;43;223;253;Western Pacific #11;x
1677;44;253;253;Northern Pacific #1;x
1678;45;203;203;Northern Pacific #2;x
1679;46;203;253;Northern Pacific #3;x
1680;47;223;253;Northern Pacific #4;x
1681;48;253;253;Northern Pacific #5;x
1682;49;203;203;Northern Pacific #6;x
1683;50;203;253;Northern Pacific #7;x
1684;51;223;253;Northern Pacific #8;x
1685;52;253;253;Northern Pacific #9;x
1686;53;203;203;Northern Pacific #10;x
1687;54;203;253;Central Pacific #1;x
1688;55;223;253;Central Pacific #2;x
1689;56;253;253;Central Pacific #3;x
1690;57;203;203;Central Pacific #4;x
1691;58;203;253;Central Pacific #5;x
1692;59;223;253;Central Pacific #6;x
1693;60;253;253;Central Pacific #7;x
1694;61;203;203;Central Pacific #8;x
1695;62;203;253;Central Pacific #9;x
1696;63;223;253;Central Pacific #10;x
1698;65;203;203;Central Pacific #11;x
1699;66;203;253;Central Pacific #12;x
1700;67;223;253;Eastern Pacific #1;x
1701;68;253;253;Eastern Pacific #2;x
1702;69;203;203;Eastern Pacific #3;x
1703;70;203;253;Eastern Pacific #4;x
1704;71;223;253;Eastern Pacific #5;x
1705;72;253;253;Eastern Pacific #6;x
1706;73;203;203;Eastern Pacific #7;x
1707;74;203;253;Eastern Pacific #8;x
1708;75;223;253;Eastern Pacific #9;x
1709;76;253;253;Eastern Pacific #10;x
1710;77;203;203;Eastern Pacific #11;x
1711;78;203;253;Eastern Pacific #12;x
1712;79;223;253;Eastern Pacific #13;x
1713;80;253;253;Eastern Pacific #14;x
1714;81;203;203;Eastern Pacific #15;x
1715;82;203;253;Eastern Pacific #16;x
1716;83;223;253;Eastern Pacific #17;x
1717;85;203;203;Southern Pacifc #1;x
1718;86;203;253;Southern Pacifc #2;x
1719;87;223;253;Southern Pacifc #3;x
1720;88;253;253;Southern Pacifc #4;x
1721;89;203;203;Southern Pacifc #5;x
1722;90;203;253;Southern Pacifc #6;x
1723;91;223;253;Southern Pacifc #7;x
1724;92;253;253;Southern Pacifc #8;x
1725;93;203;203;Southern Pacifc #9;x
1726;94;203;253;Southern Pacifc #10;x
1727;95;223;253;Southern Pacifc #11;x
1728;96;253;253;Southern Pacifc #12;x
1729;97;203;203;Southern Pacifc #13;x
1730;98;203;253;Southern Pacifc #14;x
1731;99;223;253;Southern Pacifc #15;x
1732;100;253;253;Southern Pacifc #16;x
1733;101;203;203;Southern Pacifc #17;x
1734;102;203;253;Southern Pacifc #18;x
1735;103;223;253;Southern Pacifc #19;x
1736;104;203;203;Southern Pacifc #20;x
1737;106;203;253;Southern Pacifc #22;x
1738;107;223;253;Southern Pacifc #23;x
1739;108;253;253;Southern Pacifc #24;x
1740;109;203;203;Southern Pacifc #25;x
1741;110;203;253;Southern Pacifc #26;x
1779;199;142;173;Rub' al Khali;x
1780;72;144;32;Komi;x
1783;200;150;173;Koryak;x
1784;72;152;32;Tiam Shan;x
1785;200;154;79;Karakoram;x
1786;72;156;126;Takla Makan;x
1787;201;158;173;Himalaya;x
1788;73;32;32;Arunachal;x
1815;77;88;32;Ayeyarwady;x
1816;205;90;79;Hejian;x
1817;77;92;126;Nan;x
1818;205;94;173;Chikuzen;x
1819;77;96;32;Tosa;x
1820;205;98;79;Awa;x
1821;78;100;126;Nanjing;x
1822;206;102;173;Shangai;x
1823;78;104;32;Stung Treng;x
1824;206;106;79;Wenzhou;x
1825;78;108;126;Aki;x
1826;206;110;173;Lika;x
1827;78;112;32;Raska;x
1828;207;114;79;Soli;x
1829;79;116;126;Xiamen;x
1830;207;118;173;Tajima;x
1831;79;120;32;Travunia;x
1832;207;122;79;Yamato;x
1833;79;124;126;Ji'an;x
1834;207;126;173;Dorpat;x
1835;80;128;32;Mino;x
1836;208;130;79;Nanyang;x
1837;80;132;126;Etchu;x
1838;208;134;173;Hefei;x
1839;80;136;32;Totomi;x
1840;208;138;79;Guilin;x
1841;80;140;126;Marienburg;x
1842;209;142;173;Narva;x
1843;81;144;32;Kozuke;x
1844;209;146;79;Xiankhouang;x
1845;81;148;126;Pyeongyang;x
1846;209;150;173;Amasya;x
1847;81;152;32;Shiribeshi;x
1848;209;154;79;Hamid;x
1849;82;156;126;Hama;x
1850;210;158;173;Mudanjiang;x
1852;210;34;79;Tokachi;x
1854;210;38;173;Jaffa;x
1895;12;0;240;Lake Taihu;x
1896;13;0;244;Lake Hongze;x
1897;14;0;248;Dongting;x
1898;15;0;232;Tonie Sap Lake;x
1946;63;0;244;Desh;x
1947;64;0;248;Gingee;x
1948;65;0;232;Bidar;x
1949;66;0;236;Tirupati;x
1950;67;0;240;Meghalaya;x
1980;136;253;253;Sea of Japan;x
1986;103;0;244;New Caledonia;x
1987;104;0;248;Society Islands;x
1988;105;0;232;Rapa Nui;x
1989;106;0;236;Tonga;x
1990;107;0;240;Tuvalu;x
1991;108;0;244;Gilbert Islands;x
1992;109;0;248;Nauru;x
1993;110;0;232;Marshall Islands;x
1994;111;0;236;Wake;x
1995;112;0;240;Micronesia;x
1996;113;0;244;Palau;x
1997;114;0;248;Midway;x
1998;115;0;232;Christmas Island;x
1999;116;0;236;Cocos Island;x
2000;60;221;221;Qinghai Lake;x
2001;95;200;200;Siling Lake;x
2024;255;15;160;Ajiraan;x
2026;255;17;120;Tanjore;x
2027;230;18;160;Arcot;x
2028;255;19;90;Mahur;x
2029;255;20;120;South Kanara;x
2030;255;21;160;Goa;x
2031;16;134;155;Morasanadu;x
2032;16;245;155;Malenadu;x
2033;188;164;69;Savanaur;x
2034;255;120;0;Pune;x
2035;81;148;103;Gulbarga;x
2036;156;172;45;Baglana;x
2037;205;119;117;Warangal;x
2038;213;157;165;Midnapore;x
2039;213;242;165;Sunderbans;x
2040;84;237;87;Sadiya;x
2041;64;189;3;Manipur;x
2042;246;92;62;Koch Hajo;x
2043;0;225;69;Balasore;x
2044;181;16;160;Bhagalpur;x
2045;53;124;86;Rangpur;x
2046;193;131;23;Nasirabad;x
2047;85;160;133;Tirhut;x
2048;198;203;170;Garjat;x
2049;73;18;169;Khurda;x
2050;184;70;8;Chanda;x
2051;215;241;160;Bhavnagar;x
2052;122;234;32;Navanagar;x
2053;225;142;66;Patan;x
2054;156;201;151;Ahmadabad;x
2055;156;201;221;Gorakhpur;x
2056;156;61;221;Rewakantha;x
2057;75;190;64;Bhelsa;x
2058;231;98;182;Mewar;x
2059;237;96;10;Kalpi;x
2060;255;192;227;Upper Doab;x
2061;255;192;0;Katehar;x
2062;193;76;178;Panipat;x
2063;152;160;243;Etawah;x
2064;202;218;255;Shekhawati;x
2065;53;215;217;Batthiana;x
2066;116;145;119;Nagaur;x
2067;212;53;53;Gorwar;x
2068;72;225;192;Siwistan;x
2069;187;154;212;Kumaon;x
2070;123;181;72;Chaubisi Rajas;x
2071;234;189;93;Limbuwan;x
2072;96;229;237;Bhakkar;x
2073;154;192;44;Baltistan;x
2074;151;175;205;Ladakh;x
2075;0;18;255;Doaba;x
2076;0;194;255;Sialkot;x
2077;224;140;221;Margalla;x
2078;32;140;221;Bannu;x
2079;132;140;221;Dera Ghazi Khan;x
2080;219;108;9;Srikakulam;x
2081;142;80;134;Lakhnor;x
2082;17;138;94;Raipur;x
2083;205;86;82;Kosta;x
2084;193;0;241;Konaseema;x
2085;161;165;225;Tiruchirapalli;x
2086;197;225;191;Cholistan;x
2087;224;213;178;Ajmer;x
2088;66;156;186;Umarkot;x
2089;81;142;66;Chaul;x
2090;154;52;179;Rayalaseema;x
2091;145;33;11;Tripura;x
2092;170;185;212;Mahadeo;x
2093;230;190;64;Mandsaur;x
2094;78;155;191;Bahreich;x
2095;222;94;94;Varanasi;x
2096;210;243;194;Damin;x
2097;95;101;222;Baghelkhand;x
2098;148;136;138;Surguja;x
2099;193;207;44;Kandy;x
2100;195;123;121;Vanni;x
2101;186;239;22;Tirunelveli;x
2102;215;191;26;Urkan;x
2103;103;132;224;Udi;x
2104;104;136;64;Birija;x
2105;105;148;160;Kuru;x
2106;105;162;80;Furdan;x
2107;104;158;240;Ningguta;x
2108;100;98;144;Huncun;x
2109;100;90;80;Boduna;x
2110;99;86;240;Yehe;x
2111;199;223;102;Hetu Ala;x
2112;115;210;143;Andong;x
2113;193;133;132;Gaizhou;x
2114;106;172;160;Ereen;x
2115;107;180;224;Chahar;x
2116;108;206;240;Ih Huree;x
2117;219;224;124;Zasagt;x
2118;116;102;240;Urzhar;x
2119;114;56;64;Chuguchak;x
2120;114;115;55;Ili;x
2121;112;32;64;Kuqa;x
2122;111;244;160;Hami;x
2123;111;254;240;Qakilik;x
2124;115;78;240;Yarkand;x
2125;115;86;112;Kochkor;x
2126;155;139;47;Chuy;x
2127;115;82;80;Yashilkul;x
2128;123;184;128;Ngari;x
2129;122;174;240;Changtang;x
2130;121;152;64;Nyingchi;x
2131;196;187;21;Qamdo;x
2132;119;138;144;Markam;x
2133;118;126;240;Dege;x
2134;119;120;192;Rebgong;x
2135;118;130;80;Garze;x
2136;124;210;144;Xuanhua;x
2137;143;75;75;Daming;x
2138;86;118;240;Wuding;x
2139;145;24;24;Laizhou;x
2140;238;254;148;Yanzhou;x
2141;107;218;111;Xuzhou;x
2142;84;80;128;Huai'an;x
2143;190;53;53;Fengyang;x
2144;82;62;176;Fuyang;x
2145;185;51;51;Zhenjiang;x
2146;185;197;39;Ningguo;x
2147;150;42;42;Huizhou;x
2148;41;150;61;Shaoxin;x
2149;121;54;54;Ningbo;x
2150;69;102;64;Jinhua;x
2151;131;100;35;Poyang;x
2152;144;37;37;Jianning;x
2153;67;84;112;Tingzhou;x
2154;233;216;92;Kelang;x
2155;97;44;96;Middag;x
2156;146;81;81;Chaochow;x
2157;65;52;224;Waichow;x
2158;65;46;176;Shiukwan;x
2159;64;44;160;Leichow;x
2160;65;34;80;Ngaichow;x
2161;64;32;64;Limchow;x
2162;68;78;64;Ngchow;x
2163;67;62;128;Liuzhou;x
2164;67;70;192;Namning;x
2165;255;216;0;Pu'er;x
2166;69;205;50;Dehong;x
2167;75;240;74;Lijiang;x
2168;79;254;112;Bozhou;x
2169;149;33;33;Langzhong;x
2170;90;182;176;Songqu;x
2171;153;57;57;Xiangyang;x
2172;81;48;64;Jingzhou;x
2173;0;36;255;Yuanling;x
2174;158;62;62;Hengyang;x
2175;171;198;23;Runing;x
2176;88;144;64;Shangqiu;x
2177;89;162;208;Ningwu;x
2178;90;172;96;Lu'an;x
2179;91;188;224;Yan'an;x
2180;79;246;240;Tianshui;x
2181;93;216;64;Pingliang;x
2182;95;236;224;Liangzhou;x
2183;93;222;112;Taozhou;x
2184;215;210;43;Xining;x
2185;103;120;128;Mergen;x
2186;105;156;224;Iman;x
2187;106;164;96;Sartu;x
2188;100;102;176;Alchuka;x
2189;110;220;160;Tsetserleg;x
2190;205;158;124;Qaraqorum;x
2191;108;196;160;Ejin;x
2192;217;220;84;Korla;x
2193;96;42;80;Govi;x
2194;113;106;26;Kunlun;x
2195;255;18;160;Adyghe;x
2196;255;19;40;Guria;x
2197;255;25;0;Cabardia;x
2198;255;126;40;Khundzia;x
2199;255;200;150;Tarki;x
2200;243;202;12;Suleiman Range;x
2201;255;22;200;Alania;x
2202;255;223;0;Melikates;x
2203;255;23;23;Kakheti;x
2204;255;224;200;Samtskhe;x
2205;255;24;40;Nakhchivan;x
2206;255;225;120;Urmia;x
2207;255;125;200;Maragheh;x
2208;255;125;215;Terek;x
2209;255;24;90;Ilam;x
2210;187;165;22;Kirmanshah;x
2211;187;215;128;Ardalan;x
2212;60;143;34;Zanjan;x
2214;81;81;192;Golestan;x
2219;58;88;180;Bandar Langeh;x
2220;81;81;255;Bam;x
2221;165;72;137;Mashhad;x
2222;81;81;221;Ardakan;x
2223;215;50;155;Larestan;x
2224;190;44;0;Ferah;x
2225;210;227;0;Bamyan;x
2226;90;187;34;Jalalabad;x
2227;208;154;12;Kunduz;x
2228;40;59;211;Maymana;x
2229;90;156;34;Bust;x
2230;129;171;129;Chakhansur;x
2231;121;210;41;Bela;x
2232;190;72;59;Kharan;x
2233;152;137;59;Western Makran;x
2234;193;215;62;Rafsanjan;x
2235;190;72;96;Sabzevar;x
2236;131;211;134;Bojnord;x
2308;0;153;75;Urfa;x
2309;132;41;144;Sinjar;x
2310;250;19;41;Tikrit;x
2311;51;130;63;Samawat;x
2312;242;102;96;Wasit;x
2313;181;181;52;Antioch;x
2314;49;11;71;Rahba;x
2315;139;22;59;Suez;x
2316;4;24;61;Al Gharbia;x
2317;149;201;61;Minya;x
2318;157;215;209;Bahariya;x
2319;206;231;202;Manfalut;x
2320;62;48;146;Ras Gharib;x
2321;203;185;45;Queseer;x
2322;212;227;131;Wadi Halfa;x
2323;158;168;213;Sahra an Nubyah;x
2324;239;69;139;Halaib;x
2325;245;244;179;Tarrana;x
2326;178;31;114;Bardiyah;x
2327;154;216;222;Maan;x
2328;0;120;91;Tayma;x
2329;101;125;54;Yanbu;x
2330;59;82;37;Ma'din Sulaym;x
2331;250;203;224;Jeddah;x
2332;188;228;233;Truba;x
2333;0;124;194;Abd al-Qays;x
2334;225;224;174;Badiyat ash Sham;x
2335;9;115;187;Dawasir;x
2336;238;16;102;Aflaj;x
2337;255;21;245;Buraydah;x
2338;201;24;126;Hafar;x
2339;157;34;114;Yabrin;x
2340;91;4;48;Grane;x
2341;213;231;178;Sharqiyah;x
2342;56;16;31;Wusta;x
2343;117;18;67;Hadramawt;x
2344;210;25;111;Marib;x
2345;240;238;129;Beihan;x
2346;252;183;112;Jazan;x
2347;0;120;94;Hofuf;x
2348;108;157;64;Chios;x
2349;71;208;47;Kizil-Su;x
2350;151;50;205;Konjikala;x
2351;169;158;86;Shekty;x
2352;103;104;152;Alty-Kuduk;x
2353;57;202;53;Tortkara;x
2354;155;167;88;Shegendyk;x
2355;189;174;66;Narym;x
2356;39;216;132;Shymkent;x
2357;211;106;44;Aksary;x
2358;179;181;74;Altyn;x
2359;69;186;122;Baganaly;x
2360;68;40;113;Tobykty;x
2361;23;130;61;Dzhaman-Kuduk;x
2362;168;175;18;Gurganj;x
2363;145;49;49;Atakent;x
2364;193;255;128;Talas;x
2365;183;191;72;Orda;x
2366;179;165;85;Utva;x
2367;88;175;171;Lower Yik;x
2368;135;100;164;Karamegdan;x
2369;175;88;119;Lower Ishim;x
2370;108;130;155;Kungirot;x
2371;127;0;0;Song La;x
2372;0;38;255;Hai Phong;x
2373;137;76;72;Hue;x
2374;53;204;105;Kauthara;x
2375;182;255;0;Tay Nguyen;x
2376;225;191;0;Prek Russey;x
2377;82;199;61;Teuk Khmao;x
2378;255;0;110;Kratie;x
2379;0;148;255;Battambang;x
2380;190;35;195;Phnom Penh;x
2381;34;65;11;Luang Namtha;x
2382;154;12;26;Savanh Nakhone;x
2383;127;31;12;Khukhanor Surin;x
2384;17;79;170;Nong Khai;x
2385;42;127;127;Nongbua Lamphu;x
2386;91;112;0;Chaiyaphum;x
2387;71;64;128;Phetchaburi;x
2388;32;38;255;Phitsanulok;x
2389;213;130;225;Phra Bang;x
2390;202;66;152;Chaiya;x
2391;211;44;63;Thalang;x
2392;135;98;114;Selangor;x
2393;44;142;85;Terengganu;x
2394;92;175;36;Kedah;x
2395;32;124;32;Hkamti Long;x
2396;255;117;154;Mong Kawng;x
2397;141;255;107;Tamanthi;x
2398;53;168;141;Thaungdut;x
2399;255;242;109;Pagan;x
2400;255;160;58;Hsipaw;x
2401;255;163;137;Yawnghwe;x
2402;137;255;104;Sandoway;x
2403;255;92;71;Martaban;x
2404;97;198;71;Mergui;x
2411;179;204;153;Mansur;x
2673;51;255;40;Pasai;x
2674;60;214;57;Peureulak;x
2675;29;38;119;Rokan;x
2676;150;146;184;Indragiri;x
2677;48;55;127;Jambi;x
2678;214;113;131;Bangka;x
2679;21;117;104;Belitung;x
2680;55;130;71;Muko-Muko;x
2681;76;118;155;Pagarruyung;x
2682;92;59;239;Pariaman;x
2683;130;64;29;Mentawai;x
2684;79;130;125;Nias;x
2685;237;46;40;Gayo;x
2686;44;214;56;Bintan;x
2687;216;49;158;Pakuan;x
2688;130;85;130;Cirebon;x
2689;198;98;83;Kendal;x
2690;165;116;117;Pajang;x
2691;216;58;34;Kediri;x
2692;216;67;201;Madura;x
2693;104;16;91;Lombok;x
2694;136;210;148;East Gangwon;x
2695;107;66;100;East Timor;x
2696;181;45;81;Yamdena;x
2697;163;70;58;Tondo;x
2698;163;207;58;Pangasinan;x
2699;255;75;66;Bikol;x
2700;197;255;53;Panay;x
2701;219;211;164;Tagloc;x
2702;65;219;88;Butuan;x
2703;104;158;82;Lehad Datu;x
2704;132;76;108;Sibu;x
2705;131;183;111;Kuching;x
2706;255;61;138;Katapang;x
2707;234;86;86;Barito;x
2708;255;107;28;Sampit;x
2709;196;102;196;Tarakan;x
2710;87;204;89;Berau;x
2711;105;135;119;Bulungan;x
2712;175;65;144;Samarinda;x
2713;255;228;94;Gorontalo;x
2714;255;89;185;Palu;x
2715;127;150;255;Palopo;x
2716;137;255;124;Buton;x
2717;201;219;43;Sula;x
2718;241;207;129;Fak-Fak;x
2719;119;128;17;Madang;x
2720;82;206;171;Lae;x
2721;131;198;119;Kerema;x
2722;178;198;73;Daru;x
2723;33;198;152;Yos Sudarso;x
2724;221;212;104;Asmat;x
2725;124;63;62;Aru;x
2726;147;120;31;Malgana;x
2727;255;141;71;Minang;x
2728;93;107;37;Tiwi;x
2729;255;102;79;Yolngu;x
2730;38;104;109;Awngthim;x
2731;53;255;77;Guugu Yimithirr;x
2732;45;107;40;Wulgurukaba;x
2733;255;101;63;Baiali;x
2734;170;83;124;Yuin;x
2735;32;82;163;Gunditjmara;x
2736;253;255;158;Nukunu;x
2737;124;56;0;Ahuriri;x
2738;186;139;0;Waitaha;x
2739;152;83;186;Kirikiriroa;x
2740;249;177;179;Borneo;x
2741;138;58;45;Jeju;x
2742;162;64;128;Yukjin;x
2743;209;139;185;Gyeongseong;x
2744;122;48;97;Nyeongbyeon;x
2745;134;53;105;West Gyeongsang;x
2746;213;38;84;Vidin;x
2747;106;186;80;Khara Narin Ula;x
2748;80;32;128;Jianchang;x
2786;86;100;255;Bosaso;x
2788;201;201;89;Hafun;x
3004;189;110;220;Unused1
3005;190;110;220;Unused2
3006;191;110;220;Unused3
3007;192;110;220;Unused4
3008;193;110;220;Unused5
3009;194;110;220;Unused6
3010;195;110;220;Unused7
3011;196;110;220;Unused8
3012;197;110;220;Unused9
3013;199;110;220;Unused10
3014;200;110;220;Unused11
3015;201;110;220;Unused12
3016;202;110;220;Unused13
3017;203;110;220;Unused14
3018;204;110;220;Unused15
3019;205;110;220;Unused16
3020;206;110;220;Unused17
3021;207;110;220;Unused18
3022;207;110;221;Unused19
3023;207;110;222;Unused20
3024;207;110;223;Unused11
3025;207;110;224;Unused12
3026;207;110;225;Unused13
3027;207;110;226;Unused14
3028;207;110;227;Unused15
3029;207;110;228;Unused16
3030;207;110;229;Unused17
3031;207;110;230;Unused18
3032;207;110;231;Unused19
3033;207;110;232;Unused20
3034;207;110;233;Unused21
3035;207;110;234;Unused22
3036;207;110;235;Unused23
3037;207;110;236;Unused24
3038;207;110;237;Unused25
3039;207;110;238;Unused26
3040;207;110;239;Unused27
3041;207;110;240;Unused28
3042;207;110;241;Unused29
3043;207;110;242;Unused30
3044;207;110;243;Unused31
3045;207;110;244;Unused32
3046;207;110;245;Unused33
3047;207;110;246;Unused34
3048;207;110;247;Unused35
3049;207;110;248;Unused36
3050;207;110;249;Unused37
3051;207;110;250;Unused38
3052;208;110;1;Unused39
3053;207;110;2;Unused40
3054;207;110;3;Unused41
3055;207;110;4;Unused42
3056;207;110;5;Unused43
3057;207;110;6;Unused44
3058;207;110;7;Unused45
3059;207;110;8;Unused46
3060;207;110;9;Unused47
3061;207;110;10;Unused48
3062;207;110;11;Unused49
3063;207;110;12;Unused50
3064;207;110;13;Unused51
3065;207;110;14;Unused52
3066;207;110;15;Unused53
3067;207;110;16;Unused54
3068;207;110;17;Unused55
3069;207;110;18;Unused56
3070;207;110;19;Unused57
3071;207;110;20;Unused58
3072;207;110;21;Unused59
3073;207;110;22;Unused60
3074;207;110;23;Unused61
3075;207;110;24;Unused62
3076;207;110;25;Unused63
3077;207;110;26;Unused64
3078;207;110;27;Unused65
3079;207;110;28;Unused66
3080;207;110;29;Unused67
3081;207;110;30;Unused68
3082;207;110;31;Unused69
3083;207;110;32;Unused70
3084;207;110;33;Unused71
3085;207;110;34;Unused72
3086;207;110;35;Unused73
3087;207;110;36;Unused74
3088;207;110;37;Unused75
3089;207;110;38;Unused76
3090;207;110;39;Unused77
3091;207;110;40;Unused78
3092;207;110;41;Unused79
3093;207;110;42;Unused80
3094;207;110;43;Unused81
3095;207;110;44;Unused82
3096;207;110;45;Unused83
3097;207;110;46;Unused84
3098;207;110;47;Unused85
3099;207;110;48;Unused86
3100;207;110;49;Unused87
3101;207;110;50;Unused88
3102;207;110;51;Unused89
3103;207;110;52;Unused90
3104;207;110;53;Unused91
3105;207;110;54;Unused92
3106;207;110;55;Unused93
3107;207;110;56;Unused94
3108;207;110;57;Unused95
3109;207;110;58;Unused96
3110;207;110;59;Unused97
3111;207;110;60;Unused98
3112;207;110;61;Unused99
3113;207;110;62;Unused100
3114;207;110;63;Unused101
3115;207;110;64;Unused102
3116;207;110;65;Unused103
3117;207;110;66;Unused104
3118;207;110;67;Unused105
3119;207;110;68;Unused106
3120;207;110;69;Unused107
3121;207;110;70;Unused108
3122;207;110;71;Unused109
3123;207;110;72;Unused110
3124;207;110;73;Unused111
3125;207;110;74;Unused112
3126;207;110;75;Unused113
3127;207;110;76;Unused114
3128;207;110;77;Unused115
3129;207;110;78;Unused116
3130;207;110;79;Unused117
3131;207;110;80;Unused118
3132;207;110;81;Unused119
3133;207;110;82;Unused120
3134;207;110;83;Unused121
3135;207;110;84;Unused122
3136;207;110;85;Unused123
3137;207;110;86;Unused124
3138;207;110;87;Unused125
3139;207;110;88;Unused126
3140;207;110;89;Unused127
3141;207;110;90;Unused128
3142;207;110;91;Unused129
3143;207;110;92;Unused130
3144;207;110;93;Unused131
3145;207;110;94;Unused132
3146;207;110;95;Unused133
3147;207;110;96;Unused134
3148;207;110;97;Unused135
3149;207;110;98;Unused136
3150;207;110;99;Unused137
3151;207;110;100;Unused138
3152;207;110;101;Unused139
3153;207;110;102;Unused140
3154;207;110;103;Unused141
3155;207;110;104;Unused142
3156;207;110;105;Unused143
3157;207;110;106;Unused144
3158;207;110;107;Unused145
3159;207;110;108;Unused146
3160;207;110;109;Unused147
3161;207;110;110;Unused148
3162;207;110;111;Unused149
3163;207;110;112;Unused150
3164;207;110;113;Unused151
3165;207;110;114;Unused152
3166;207;110;115;Unused153
3167;207;110;116;Unused154
3168;207;110;117;Unused155
3169;207;110;118;Unused156
3170;207;110;119;Unused157
3171;207;110;120;Unused158
3172;207;110;121;Unused159
3173;207;110;122;Unused160
3174;207;110;123;Unused161
3175;207;110;124;Unused162
3176;207;110;125;Unused163
3177;207;110;126;Unused164
3178;207;110;127;Unused165
3179;207;110;128;Unused166
3180;207;110;129;Unused167
3181;207;140;130;Unused168
3182;207;140;131;Unused169
3183;207;140;132;Unused170
3184;207;140;133;Unused171
3185;207;140;134;Unused172
3186;207;140;135;Unused173
3187;207;140;136;Unused174
3188;207;140;137;Unused175
3189;207;140;138;Unused176
3190;219;32;0;UnusedLand0
3191;219;32;1;UnusedLand1
3192;219;32;2;UnusedLand2
3193;219;32;3;UnusedLand3
3194;219;32;4;UnusedLand4
3195;219;32;5;UnusedLand5
3196;219;32;6;UnusedLand6
3197;219;32;7;UnusedLand7
3198;219;32;8;UnusedLand8
3199;219;32;9;UnusedLand9
3200;219;32;10;UnusedLand10
3201;219;32;11;UnusedLand11
3202;219;32;12;UnusedLand12
3203;219;32;13;UnusedLand13
3204;219;32;14;UnusedLand14
3205;219;32;15;UnusedLand15
3206;219;32;16;UnusedLand16
3207;219;32;17;UnusedLand17
3208;219;32;18;UnusedLand18
3209;219;32;19;UnusedLand19
3210;219;32;20;UnusedLand20
3211;219;32;21;UnusedLand21
3212;219;32;22;UnusedLand22
3213;219;32;23;UnusedLand23
3214;219;32;24;UnusedLand24
3215;219;32;25;UnusedLand25
3216;219;32;26;UnusedLand26
3217;219;32;27;UnusedLand27
3218;219;32;28;UnusedLand28
3219;219;32;29;UnusedLand29
3220;219;32;30;UnusedLand30
3221;219;32;31;UnusedLand31
3222;219;32;32;UnusedLand32
3223;219;32;33;UnusedLand33
3224;219;32;34;UnusedLand34
3225;219;32;35;UnusedLand35
3226;219;32;36;UnusedLand36
3227;219;32;37;UnusedLand37
3228;219;32;38;UnusedLand38
3229;219;32;39;UnusedLand39
3230;219;32;40;UnusedLand40
3231;219;32;41;UnusedLand41
3232;219;32;42;UnusedLand42
3233;219;32;43;UnusedLand43
3234;219;32;44;UnusedLand44
3235;219;32;45;UnusedLand45
3236;219;32;46;UnusedLand46
3237;219;32;47;UnusedLand47
3238;219;32;48;UnusedLand48
3239;219;32;49;UnusedLand49
3240;219;32;50;UnusedLand50
3241;219;32;51;UnusedLand51
3242;219;32;52;UnusedLand52
3243;219;32;53;UnusedLand53
3244;219;32;54;UnusedLand54
3245;219;32;55;UnusedLand55
3246;219;32;56;UnusedLand56
3247;219;32;57;UnusedLand57
3248;219;32;58;UnusedLand58
3249;219;32;59;UnusedLand59
3250;219;32;60;UnusedLand60
3251;219;32;61;UnusedLand61
3252;219;32;62;UnusedLand62
3253;219;32;63;UnusedLand63
3254;219;32;64;UnusedLand64
3255;219;32;65;UnusedLand65
3256;219;32;66;UnusedLand66
3257;219;32;67;UnusedLand67
3258;219;32;68;UnusedLand68
3259;219;32;69;UnusedLand69
3260;219;32;70;UnusedLand70
3261;219;32;71;UnusedLand71
3262;219;32;72;UnusedLand72
3263;219;32;73;UnusedLand73
3264;219;32;74;UnusedLand74
3265;219;32;75;UnusedLand75
3266;219;32;76;UnusedLand76
3267;219;32;77;UnusedLand77
3268;219;32;78;UnusedLand78
3269;219;32;79;UnusedLand79
3270;219;32;80;UnusedLand80
3271;219;32;81;UnusedLand81
3272;219;32;82;UnusedLand82
3273;219;32;83;UnusedLand83
3274;219;32;84;UnusedLand84
3275;219;32;85;UnusedLand85
3276;219;32;86;UnusedLand86
3277;219;32;87;UnusedLand87
3278;219;32;88;UnusedLand88
3279;219;32;89;UnusedLand89
3280;219;32;90;UnusedLand90
3281;219;32;91;UnusedLand91
3282;219;32;92;UnusedLand92
3283;219;32;93;UnusedLand93
3284;219;32;94;UnusedLand94
3285;219;32;95;UnusedLand95
3286;219;32;96;UnusedLand96
3287;219;32;97;UnusedLand97
3288;219;32;98;UnusedLand98
3289;219;32;99;UnusedLand99
3290;219;32;100;UnusedLand100
3291;219;32;101;UnusedLand101
3292;219;32;102;UnusedLand102
3293;219;32;103;UnusedLand103
3294;219;32;104;UnusedLand104
3295;219;32;105;UnusedLand105
3296;219;32;106;UnusedLand106
3297;219;32;107;UnusedLand107
3298;219;32;108;UnusedLand108
3299;219;32;109;UnusedLand109
3300;219;32;110;UnusedLand110
3301;219;32;111;UnusedLand111
3302;219;32;112;UnusedLand112
3303;219;32;113;UnusedLand113
3304;219;32;114;UnusedLand114
3305;219;32;115;UnusedLand115
3306;219;32;116;UnusedLand116
3307;219;32;117;UnusedLand117
3308;219;32;118;UnusedLand118
3309;219;32;119;UnusedLand119
3310;219;32;120;UnusedLand120
3311;219;32;121;UnusedLand121
3312;219;32;122;UnusedLand122
3313;219;32;123;UnusedLand123
3314;219;32;124;UnusedLand124
3315;219;32;125;UnusedLand125
3316;219;32;126;UnusedLand126
3317;219;32;127;UnusedLand127
3318;219;32;128;UnusedLand128
3319;219;32;129;UnusedLand129
3320;219;32;130;UnusedLand130
3321;219;32;131;UnusedLand131
3322;219;32;132;UnusedLand132
3323;219;32;133;UnusedLand133
3324;219;32;134;UnusedLand134
3325;219;32;135;UnusedLand135
3326;219;32;136;UnusedLand136
3327;219;32;137;UnusedLand137
3328;219;32;138;UnusedLand138
3329;219;32;139;UnusedLand139
3330;219;32;140;UnusedLand140
3331;219;32;141;UnusedLand141
3332;219;32;142;UnusedLand142
3333;219;32;143;UnusedLand143
3334;219;32;144;UnusedLand144
3335;219;32;145;UnusedLand145
3336;219;32;146;UnusedLand146
3337;219;32;147;UnusedLand147
3338;219;32;148;UnusedLand148
3339;219;32;149;UnusedLand149
3340;219;32;150;UnusedLand150
3341;219;32;151;UnusedLand151
3342;219;32;152;UnusedLand152
3343;219;32;153;UnusedLand153
3344;219;32;154;UnusedLand154
3345;219;32;155;UnusedLand155
3346;219;32;156;UnusedLand156
3347;219;32;157;UnusedLand157
3348;219;32;158;UnusedLand158
3349;219;32;159;UnusedLand159
3350;219;32;160;UnusedLand160
3351;219;32;161;UnusedLand161
3352;219;32;162;UnusedLand162
3353;219;32;163;UnusedLand163
3354;219;32;164;UnusedLand164
3355;219;32;165;UnusedLand165
3356;219;32;166;UnusedLand166
3357;219;32;167;UnusedLand167
3358;219;32;168;UnusedLand168
3359;219;32;169;UnusedLand169
3360;219;32;170;UnusedLand170
3361;219;32;171;UnusedLand171
3362;219;32;172;UnusedLand172
3363;219;32;173;UnusedLand173
3364;219;32;174;UnusedLand174
3365;219;32;175;UnusedLand175
3366;219;32;176;UnusedLand176
3367;219;32;177;UnusedLand177
3368;219;32;178;UnusedLand178
3369;219;32;179;UnusedLand179
3370;219;32;180;UnusedLand180
3371;219;32;181;UnusedLand181
3372;219;32;182;UnusedLand182
3373;219;32;183;UnusedLand183
3374;219;32;184;UnusedLand184
3375;219;32;185;UnusedLand185
3376;219;32;186;UnusedLand186
3377;219;32;187;UnusedLand187
3378;219;32;188;UnusedLand188
3379;219;32;189;UnusedLand189
3380;219;32;190;UnusedLand190
3381;219;32;191;UnusedLand191
3382;219;32;192;UnusedLand192
3383;219;32;193;UnusedLand193
3384;219;32;194;UnusedLand194
3385;219;32;195;UnusedLand195
3386;219;32;196;UnusedLand196
3387;219;32;197;UnusedLand197
3388;219;32;198;UnusedLand198
3389;219;32;199;UnusedLand199
3390;219;32;200;UnusedLand200
3391;219;32;201;UnusedLand201
3392;219;32;202;UnusedLand202
3393;219;32;203;UnusedLand203
3394;219;32;204;UnusedLand204
3395;219;32;205;UnusedLand205
3396;219;32;206;UnusedLand206
3397;219;32;207;UnusedLand207
3398;219;32;208;UnusedLand208
3399;219;32;209;UnusedLand209
3400;219;32;210;UnusedLand210
3401;219;32;211;UnusedLand211
3402;219;32;212;UnusedLand212
3403;219;32;213;UnusedLand213
3404;219;32;214;UnusedLand214
3405;219;32;215;UnusedLand215
3406;219;32;216;UnusedLand216
3407;219;32;217;UnusedLand217
3408;219;32;218;UnusedLand218
3409;219;32;219;UnusedLand219
3410;219;32;220;UnusedLand220
3411;219;32;221;UnusedLand221
3412;219;32;222;UnusedLand222
3413;219;32;223;UnusedLand223
3414;219;32;224;UnusedLand224
3415;219;32;225;UnusedLand225
3416;219;32;226;UnusedLand226
3417;219;32;227;UnusedLand227
3418;219;32;228;UnusedLand228
3419;219;32;229;UnusedLand229
3420;219;23;120;RNW
3421;219;23;121;RNW
3422;219;23;122;RNW
3423;219;23;123;RNW
3424;219;23;124;RNW
3425;219;23;125;RNW
3426;219;23;126;RNW
3427;219;23;127;RNW
3428;219;23;128;RNW
3429;219;23;129;RNW
3430;219;23;130;RNW
3431;219;23;131;RNW
3432;219;23;132;RNW
3433;219;23;133;RNW
3434;219;23;134;RNW
3435;219;23;135;RNW
3436;219;23;136;RNW
3437;219;23;137;RNW
3438;219;23;138;RNW
3439;219;23;139;RNW
3440;219;23;140;RNW
3441;219;23;141;RNW
3442;219;23;142;RNW
3443;219;23;143;RNW
3444;219;23;144;RNW
3445;219;23;145;RNW
3446;219;23;146;RNW
3447;219;23;147;RNW
3448;219;23;148;RNW
3449;219;23;149;RNW
3450;219;23;150;RNW
3451;219;23;151;RNW
3452;219;23;152;RNW
3453;219;23;153;RNW
3454;219;23;154;RNW
3455;219;23;155;RNW
3456;219;23;156;RNW
3457;219;23;157;RNW
3458;219;23;158;RNW
3459;219;23;159;RNW
3460;219;23;160;RNW
3461;219;23;161;RNW
3462;219;23;162;RNW
3463;219;23;163;RNW
3464;219;23;164;RNW
3465;219;23;165;RNW
3466;219;23;166;RNW
3467;219;23;167;RNW
3468;219;23;168;RNW
3469;219;23;169;RNW
3470;219;23;170;RNW
3471;219;23;171;RNW
3472;219;23;172;RNW
3473;219;23;173;RNW
3474;219;23;174;RNW
3475;219;23;175;RNW
3476;219;23;176;RNW
3477;219;23;177;RNW
3478;219;23;178;RNW
3479;219;23;179;RNW
3480;219;23;180;RNW
3481;219;23;181;RNW
3482;219;23;182;RNW
3483;219;23;183;RNW
3484;219;23;184;RNW
3485;219;23;185;RNW
3486;219;23;186;RNW
3487;219;23;187;RNW
3488;219;23;188;RNW
3489;219;23;189;RNW
3490;219;23;190;RNW
3491;219;23;191;RNW
3492;219;23;192;RNW
3493;219;23;193;RNW
3494;219;23;194;RNW
3495;219;23;195;RNW
3496;219;23;196;RNW
3497;219;23;197;RNW
3498;219;23;198;RNW
3499;219;23;199;RNW
3500;219;23;200;RNW
3501;219;23;201;RNW
3502;219;23;202;RNW
3503;219;23;203;RNW
3504;219;23;204;RNW
3505;219;23;205;RNW
3506;219;23;206;RNW
3507;219;23;207;RNW
3508;219;23;208;RNW
3509;219;24;209;RNW
3510;219;24;210;RNW
3511;219;24;211;RNW
3512;219;24;212;RNW
3513;219;24;213;RNW
3514;219;24;214;RNW
3515;219;24;215;RNW
3516;219;24;216;RNW
3517;219;24;217;RNW
3518;219;24;218;RNW
3519;219;24;219;RNW
3520;219;24;220;RNW
3521;219;24;221;RNW
3522;219;24;222;RNW
3523;219;24;223;RNW
3524;219;24;224;RNW
3525;219;24;225;RNW
3526;219;24;226;RNW
3527;219;24;227;RNW
3528;219;24;228;RNW
3529;219;24;229;RNW
3530;219;24;230;RNW
3531;219;24;231;RNW
3532;219;24;232;RNW
3533;219;24;233;RNW
3534;219;24;234;RNW
3535;219;24;235;RNW
3536;219;24;236;RNW
3537;219;24;237;RNW
3538;219;24;238;RNW
3539;219;24;239;RNW
3540;219;24;240;RNW
3541;219;24;241;RNW
3542;219;24;242;RNW
3543;219;24;243;RNW
3544;219;24;244;RNW
3545;219;24;245;RNW
3546;219;24;246;RNW
3547;219;24;247;RNW
3548;219;24;248;RNW
3549;219;24;249;RNW
3550;219;24;150;RNW
3551;225;25;151;RNW
3552;225;25;152;RNW
3553;225;25;153;RNW
3554;225;25;154;RNW
3555;225;25;155;RNW
3556;225;25;156;RNW
3557;225;25;157;RNW
3558;225;25;158;RNW
3559;225;25;159;RNW
3560;225;25;160;RNW
3561;225;25;161;RNW
3562;225;25;162;RNW
3563;225;25;163;RNW
3564;225;25;164;RNW
3565;225;25;165;RNW
3566;225;25;166;RNW
3567;225;25;167;RNW
3568;225;25;168;RNW
3569;225;25;169;RNW
3570;225;25;170;RNW
3571;225;25;171;RNW
3572;225;25;172;RNW
3573;225;25;173;RNW
3574;225;25;174;RNW
3575;225;25;175;RNW
3576;225;25;176;RNW
3577;225;25;177;RNW
3578;225;25;178;RNW
3579;225;25;179;RNW
3580;225;25;180;RNW
3581;225;25;181;RNW
3582;225;25;182;RNW
3583;225;25;183;RNW
3584;225;25;184;RNW
3585;225;25;185;RNW
3586;225;25;186;RNW
3587;225;25;187;RNW
3588;225;25;188;RNW
3589;225;25;189;RNW
3590;225;25;190;RNW
3591;225;25;191;RNW
3592;225;25;192;RNW
3593;225;25;193;RNW
3594;225;25;194;RNW
3595;225;25;195;RNW
3596;225;25;196;RNW
3597;225;25;197;RNW
3598;225;25;198;RNW
3599;225;25;199;RNW
3600;225;25;200;RNW
3601;225;25;201;RNW
3602;225;25;202;RNW
3603;225;25;203;RNW
3604;225;25;204;RNW
3605;225;25;205;RNW
3606;225;25;206;RNW
3607;225;25;207;RNW
3608;225;25;208;RNW
3609;225;25;209;RNW
3600;225;25;200;RNW
3611;225;25;201;RNW
3612;225;25;202;RNW
3613;225;25;203;RNW
3614;225;25;204;RNW
3615;225;25;205;RNW
3616;225;25;206;RNW
3617;225;25;207;RNW
3618;225;25;208;RNW
3619;225;25;209;RNW
3620;100;10;120;RNW
3621;100;10;121;RNW
3622;100;10;122;RNW
3623;100;10;123;RNW
3624;100;10;124;RNW
3625;100;10;125;RNW
3626;100;10;126;RNW
3627;100;10;127;RNW
3628;100;10;128;RNW
3629;100;10;129;RNW
3630;100;10;130;RNW
3631;100;10;131;RNW
3632;100;10;132;RNW
3633;100;10;133;RNW
3634;100;10;134;RNW
3635;100;10;135;RNW
3636;100;10;136;RNW
3637;100;10;137;RNW
3638;100;10;138;RNW
3639;100;10;139;RNW
3640;100;10;140;RNW
3641;100;10;141;RNW
3642;100;10;142;RNW
3643;100;10;143;RNW
3644;100;10;144;RNW
3645;100;10;145;RNW
3646;100;10;146;RNW
3647;100;10;147;RNW
3648;100;10;148;RNW
3649;100;10;149;RNW
3650;100;10;150;RNW
3651;100;10;151;RNW
3652;100;10;152;RNW
3653;100;10;153;RNW
3654;100;10;154;RNW
3655;100;10;155;RNW
3656;100;10;156;RNW
3657;100;10;157;RNW
3658;100;10;158;RNW
3659;100;10;159;RNW
3660;100;10;160;RNW
3661;100;10;161;RNW
3662;100;10;162;RNW
3663;100;10;163;RNW
3664;100;10;164;RNW
3665;100;10;165;RNW
3666;100;10;166;RNW
3667;100;10;167;RNW
3668;100;10;168;RNW
3669;100;10;169;RNW
3670;100;10;170;RNW
3671;100;10;171;RNW
3672;100;10;172;RNW
3673;100;10;173;RNW
3674;100;10;174;RNW
3675;100;10;175;RNW
3676;100;10;176;RNW
3677;100;10;177;RNW
3678;100;10;178;RNW
3679;100;10;179;RNW
3680;100;10;180;RNW
3681;100;10;181;RNW
3682;100;10;182;RNW
3683;100;10;183;RNW
3684;100;10;184;RNW
3685;100;10;185;RNW
3686;100;10;186;RNW
3687;100;10;187;RNW
3688;100;10;188;RNW
3689;100;10;189;RNW
3690;100;10;190;RNW
3691;100;10;191;RNW
3692;100;10;192;RNW
3693;100;10;193;RNW
3694;100;10;194;RNW
3695;100;10;195;RNW
3696;100;10;196;RNW
3697;100;10;197;RNW
3698;100;10;198;RNW
3699;100;10;199;RNW
3700;100;11;100;RNW
3701;100;11;101;RNW
3702;100;11;102;RNW
3703;100;11;103;RNW
3704;100;11;104;RNW
3705;100;11;105;RNW
3706;100;11;106;RNW
3707;100;11;107;RNW
3708;100;11;108;RNW
3709;100;11;109;RNW
3710;100;11;110;RNW
3711;100;11;111;RNW
3712;100;11;112;RNW
3713;100;11;113;RNW
3714;100;11;114;RNW
3715;100;11;115;RNW
3716;100;11;116;RNW
3717;100;11;117;RNW
3718;100;11;118;RNW
3719;100;11;119;RNW
3720;100;11;120;RNW
3721;100;11;121;RNW
3722;100;11;122;RNW
3723;100;11;123;RNW
3724;100;11;124;RNW
3725;100;11;125;RNW
3726;100;11;126;RNW
3727;100;11;127;RNW
3728;100;11;128;RNW
3729;100;11;129;RNW
3730;100;11;130;RNW
3731;100;11;131;RNW
3732;100;11;132;RNW
3733;100;11;133;RNW
3734;100;11;134;RNW
3735;100;11;135;RNW
3736;100;11;136;RNW
3737;100;11;137;RNW
3738;100;11;138;RNW
3739;100;11;139;RNW
3740;100;11;140;RNW
3741;100;11;141;RNW
3742;100;11;142;RNW
3743;100;11;143;RNW
3744;100;11;144;RNW
3745;100;11;145;RNW
3746;100;11;146;RNW
3747;100;11;147;RNW
3748;100;11;148;RNW
3749;100;11;149;RNW
3750;100;11;150;RNW
3751;100;11;151;RNW
3752;100;11;152;RNW
3753;100;11;153;RNW
3754;100;11;154;RNW
3755;100;11;155;RNW
3756;100;11;156;RNW
3757;100;11;157;RNW
3758;100;11;158;RNW
3759;100;11;159;RNW
3760;100;11;160;RNW
3761;100;11;161;RNW
3762;100;11;162;RNW
3763;100;11;163;RNW
3764;100;11;164;RNW
3765;100;11;165;RNW
3766;100;11;166;RNW
3767;100;11;167;RNW
3768;100;11;168;RNW
3769;100;11;169;RNW
3770;100;11;170;RNW
3771;100;11;171;RNW
3772;100;11;172;RNW
3773;100;11;173;RNW
3774;100;11;174;RNW
3775;100;11;175;RNW
3776;100;11;176;RNW
3777;100;11;177;RNW
3778;100;11;178;RNW
3779;100;11;179;RNW
3780;100;11;180;RNW
3781;100;11;181;RNW
3782;100;11;182;RNW
3783;100;11;183;RNW
3784;100;11;184;RNW
3785;100;11;185;RNW
3786;100;11;186;RNW
3787;100;11;187;RNW
3788;100;11;188;RNW
3789;100;11;189;RNW
3790;100;11;190;RNW
3791;100;11;191;RNW
3792;100;11;192;RNW
3793;100;11;193;RNW
3794;100;11;194;RNW
3795;100;11;195;RNW
3796;100;11;196;RNW
3797;100;11;197;RNW
3798;100;11;198;RNW
3799;100;11;199;RNW
3800;100;12;100;RNW
3801;100;12;101;RNW
3802;100;12;102;RNW
3803;100;12;103;RNW
3804;100;12;104;RNW
3805;100;12;105;RNW
3806;100;12;106;RNW
3807;100;12;107;RNW
3808;100;12;108;RNW
3809;100;12;109;RNW
3810;100;12;110;RNW
3811;100;12;111;RNW
3812;100;12;112;RNW
3813;100;12;113;RNW
3814;100;12;114;RNW
3815;100;12;115;RNW
3816;100;12;116;RNW
3817;100;12;117;RNW
3818;100;12;118;RNW
3819;100;12;119;RNW
3820;100;12;120;RNW
3821;100;12;121;RNW
3822;100;12;122;RNW
3823;100;12;123;RNW
3824;100;12;124;RNW
3825;100;12;125;RNW
3826;100;12;126;RNW
3827;100;12;127;RNW
3828;100;12;128;RNW
3829;100;12;129;RNW
3830;100;12;130;RNW
3831;100;12;131;RNW
3832;100;12;132;RNW
3833;100;12;133;RNW
3834;100;12;134;RNW
3835;100;12;135;RNW
3836;100;12;136;RNW
3837;100;12;137;RNW
3838;100;12;138;RNW
3839;100;12;139;RNW
3840;100;12;140;RNW
3841;100;12;141;RNW
3842;100;12;142;RNW
3843;100;12;143;RNW
3844;100;12;144;RNW
3845;100;12;145;RNW
3846;100;12;146;RNW
3847;100;12;147;RNW
3848;100;12;148;RNW
3849;100;12;149;RNW
3850;100;12;150;RNW
3851;100;12;151;RNW
3852;100;12;152;RNW
3853;100;12;153;RNW
3854;100;12;154;RNW
3855;100;12;155;RNW
3856;100;12;156;RNW
3857;100;12;157;RNW
3858;100;12;158;RNW
3859;100;12;159;RNW
3860;100;12;160;RNW
3861;100;12;161;RNW
3862;100;12;162;RNW
3863;100;12;163;RNW
3864;100;12;164;RNW
3865;100;12;165;RNW
3866;100;12;166;RNW
3867;100;12;167;RNW
3868;100;12;168;RNW
3869;100;12;169;RNW
3870;100;12;170;RNW
3871;100;12;171;RNW
3872;100;12;172;RNW
3873;100;12;173;RNW
3874;100;12;174;RNW
3875;100;12;175;RNW
3876;100;12;176;RNW
3877;100;12;177;RNW
3878;100;12;178;RNW
3879;100;12;179;RNW
3880;100;12;180;RNW
3881;100;12;181;RNW
3882;100;12;182;RNW
3883;100;12;183;RNW
3884;100;12;184;RNW
3885;100;12;185;RNW
3886;100;12;186;RNW
3887;100;12;187;RNW
3888;100;12;188;RNW
3889;100;12;189;RNW
3890;100;12;190;RNW
3891;100;12;191;RNW
3892;100;12;192;RNW
3893;100;12;193;RNW
3894;100;12;194;RNW
3895;100;12;195;RNW
3896;100;12;196;RNW
3897;100;12;197;RNW
3898;100;12;198;RNW
3899;100;12;199;RNW
3900;100;13;100;RNW
3901;100;13;101;RNW
3902;100;13;102;RNW
3903;100;13;103;RNW
3904;100;13;104;RNW
3905;100;13;105;RNW
3906;100;13;106;RNW
3907;100;13;107;RNW
3908;100;13;108;RNW
3909;100;13;109;RNW
3910;100;13;110;RNW
3911;100;13;111;RNW
3912;100;13;112;RNW
3913;100;13;113;RNW
3914;100;13;114;RNW
3915;100;13;115;RNW
3916;100;13;116;RNW
3917;100;13;117;RNW
3918;100;13;118;RNW
3919;100;13;119;RNW
3920;100;13;120;RNW
3921;100;13;121;RNW
3922;100;13;122;RNW
3923;100;13;123;RNW
3924;100;13;124;RNW
3925;100;13;125;RNW
3926;100;13;126;RNW
3927;100;13;127;RNW
3928;100;13;128;RNW
3929;100;13;129;RNW
3930;100;13;130;RNW
3931;100;13;131;RNW
3932;100;13;132;RNW
3933;100;13;133;RNW
3934;100;13;134;RNW
3935;100;13;135;RNW
3936;100;13;136;RNW
3937;100;13;137;RNW
3938;100;13;138;RNW
3939;100;13;139;RNW
3940;100;13;140;RNW
3941;100;13;141;RNW
3942;100;13;142;RNW
3943;100;13;143;RNW
3944;100;13;144;RNW
3945;100;13;145;RNW
3946;100;13;146;RNW
3947;100;13;147;RNW
3948;100;13;148;RNW
3949;100;13;149;RNW
3950;100;13;150;RNW
3951;100;13;151;RNW
3952;100;13;152;RNW
3953;100;13;153;RNW
3954;100;13;154;RNW
3955;100;13;155;RNW
3956;100;13;156;RNW
3957;100;13;157;RNW
3958;100;13;158;RNW
3959;100;13;159;RNW
3960;100;13;160;RNW
3961;100;13;161;RNW
3962;100;13;162;RNW
3963;100;13;163;RNW
3964;100;13;164;RNW
3965;100;13;165;RNW
3966;100;13;166;RNW
3967;100;13;167;RNW
3968;100;13;168;RNW
3969;100;13;169;RNW
3970;100;13;170;RNW
3971;100;13;171;RNW
3972;100;13;172;RNW
3973;100;13;173;RNW
3974;100;13;174;RNW
3975;100;13;175;RNW
3976;100;13;176;RNW
3977;100;13;177;RNW
3978;100;13;178;RNW
3979;100;13;179;RNW
3980;100;13;180;RNW
3981;100;13;181;RNW
3982;100;13;182;RNW
3983;100;13;183;RNW
3984;100;13;184;RNW
3985;100;13;185;RNW
3986;100;13;186;RNW
3987;100;13;187;RNW
3988;100;13;188;RNW
3989;100;13;189;RNW
3990;100;13;190;RNW
3991;100;13;191;RNW
3992;100;13;192;RNW
3993;100;13;193;RNW
3994;100;13;194;RNW
3995;100;13;195;RNW
3996;100;13;196;RNW
3997;100;13;197;RNW
3998;100;13;198;RNW
3999;100;13;199;RNW
4000;100;14;100;RNW
4001;100;14;101;RNW
4002;100;14;102;RNW
4003;100;14;103;RNW
4004;100;14;104;RNW
4005;100;14;105;RNW
4006;100;14;106;RNW
4007;100;14;107;RNW
4008;100;14;108;RNW
4009;100;14;109;RNW
4010;100;14;110;RNW
4011;100;14;111;RNW
4012;100;14;112;RNW
4013;100;14;113;RNW
4014;100;14;114;RNW
4015;100;14;115;RNW
4016;100;14;116;RNW
4017;100;14;117;RNW
4018;100;14;118;RNW
4019;100;14;119;RNW
4020;239;204;149;Comoros;x
4172;22;236;239;Zagros2;x
4173;106;34;172;Syrmia;x
4174;200;147;147;Durres;x
4180;224;105;71;Hyuga;x
4181;171;64;58;Higo;x
4182;222;162;158;Hizen;x
4183;148;243;182;Iwami;x
4184;29;167;101;Bizen;x
4185;136;40;113;Tango;x
4186;164;211;156;Iyo;x
4187;137;170;36;Kii;x
4188;219;191;83;Shinano;x
4189;183;128;213;Sagami;x
4190;74;53;198;Shimousa;x
4191;150;104;225;Shimotsuke;x
4192;207;150;214;Ugo;x
4193;102;179;145;Oshima;x
4194;94;52;48;Yongping;x
4195;151;185;125;Zhending;x
4196;104;143;106;Haizhou;x
4197;148;197;227;Huangzhou;x
4198;56;144;141;Fengxiang;x
4199;45;117;59;Tongren;x
4200;29;161;216;Hulan;x
4201;44;97;35;Jianzhou;x
4202;186;143;58;Taining;x
4203;89;66;107;Ju Ud;x
4204;44;45;128;Anding;x
4205;35;68;112;Nagchu;x
4206;38;129;72;Balikul;x
4207;129;51;84;Turpan;x
4208;196;198;53;Qurqara-usu;x
4209;129;112;172;Maralbexi;x
4210;101;69;107;Yangi Hissar;x
4211;72;32;16;Dazhou;x
4212;122;61;105;Jiazhou;x
4213;40;46;10;Luzhou;x
4214;26;53;83;Kalar;x
4215;22;100;123;Fudali;x
4216;74;143;77;Ulch;x
4217;52;80;119;Pijin;x
4218;69;105;171;Buteha;x
4219;117;42;41;Bayan Tumen;x
4220;44;113;137;Khiagt;x
4221;148;144;46;Dundgovi;x
4222;50;81;144;Ulaangom;x
4223;209;115;2;Hetao;x
4224;36;150;179;Tokai Sea;x
4225;64;173;200;Coast of Hokkaido;x
4226;29;124;148;North Japan Basin;x
4227;105;96;64;Daegu;x
4228;195;44;140;Naju;x
4229;188;200;56;Chungju;x
4230;158;186;44;Suwon;x
4231;231;184;20;Haeju;x
4232;145;81;35;Ganggye;x
4233;31;182;184;Bahai Sea;x
4234;45;117;167;Eastern Yellow Sea;x
4283;224;24;38;Shihr;x
4284;99;150;71;Al Ghayda;x
4285;181;124;124;Baraimi Oasis;x
4286;187;208;10;Sur;x
4287;200;92;20;Ibra;x
4288;83;203;86;Shatt;x
4290;79;184;27;Hoveyzeh;x
4291;168;219;32;Qazaniya;x
4292;53;76;176;Mardin;x
4293;212;79;154;Arbil;x
4294;150;146;41;Sulimaniyeh;x
4295;48;167;51;Hisn Kayfa;x
4296;116;62;183;Bitlis;x
4297;99;32;200;Homs;x
4298;231;78;10;Ayntab;x
4299;70;198;70;Shamakhi;x
4300;225;205;36;Mianeh;x
4301;232;184;55;Gori;x
4302;13;94;109;Bayazid;x
4303;213;197;16;Oltu;x
4304;184;111;111;Khoy;x
4305;210;42;42;Shaki;x
4306;117;109;201;Khumuk;x
4307;134;177;141;Aksaray;x
4308;69;25;75;Denizli;x
4309;118;176;123;Aydin;x
4310;135;155;105;Divrigi;x
4311;67;121;108;Karahisar;x
4312;105;195;57;Sultann;x
4313;94;189;108;Kangiri;x
4314;159;73;73;Kirshehir;x
4315;124;60;86;Tokat;x
4316;51;172;108;Mansura;x
4317;99;77;195;Buhaira;x
4318;63;128;27;Atfih;x
4319;163;183;82;Isna;x
4320;195;83;191;Girga;x
4321;121;21;154;Eastern Desert;x
4322;184;65;29;Eastern Desert;x
4323;224;40;15;Farafreh;x
4324;149;186;149;Ghuriyan;x
4325;222;47;29;Sarakhs;x
4326;134;196;131;Nishapur;x
4327;244;221;131;Jask;x
4328;143;34;255;Chagai;x
4329;96;128;136;Fasa;x
4330;54;193;106;Darab;x
4332;112;120;148;Siraf;x
4333;104;180;181;Dahlak Archipelago;x
4334;224;12;72;Tabas;x
4335;236;112;20;Kashan;x
4336;215;155;85;Tus;x
4337;73;158;166;Savah;x
4338;201;70;30;Soltanieh;x
4339;208;71;200;Rasht;x
4340;88;224;142;Astara;x
4341;191;220;33;Sari;x
4343;208;26;73;Termez;x
4344;178;231;94;Kish;x
4345;155;155;198;Saidabad;x
4346;149;226;227;Qamr Bay;x
4347;144;206;207;Pirate Coast;x
4348;198;47;101;Ifuago;x
4349;105;219;142;Laguna;x
4350;154;86;212;Mindoro;x
4351;104;196;152;Buglas;x
4352;219;168;88;Cebu;x
4353;89;35;145;Leyte;x
4354;135;77;125;Zamboanga;x
4355;248;245;172;Caraga;x
4356;201;167;29;Taytay;x
4357;125;226;241;Visayan Sea;x
4358;112;219;220;Cuyo Archipelago;x
4359;185;227;40;Ise;x
4360;235;159;33;Mikawa;x
4393;181;227;89;Tabayin;x
4394;223;76;249;Salin;x
4395;7;183;221;Yamethin;x
4396;38;227;36;Prome;x
4397;87;141;35;Yawnghwe;x
4398;145;54;67;Mawkmai;x
4399;209;206;232;Dagon;x
4400;4;138;139;Naga Hills;x
4401;99;2;220;Arakan Mountains;x
4402;8;19;70;Gaoligong Mountains;x
4403;174;133;74;Hengduan Mountains;x
4404;186;179;78;Minsin;x
4405;135;83;198;Katha;x
4406;131;123;246;Mong Kung;x
4407;231;58;53;Ruhunu;x
4408;227;170;169;Salavata;x
4409;154;153;27;Trincomale;x
4410;166;186;106;Kumari;x
4411;212;178;42;Samana;x
4412;133;65;23;Dindigul;x
4413;198;87;134;Cannanore;x
4414;52;160;146;Salem;x
4415;178;189;107;Negapatam;x
4416;157;72;136;Tranqebar;x
4417;141;167;109;Kanchipuram;x
4418;117;239;166;Nelore;x
4419;38;123;72;Adanki;x
4420;186;136;135;Chandragiri;x
4421;139;213;167;Seringapatam;x
4422;164;123;44;Sira;x
4423;160;139;213;Gutti;x
4424;200;161;210;Adavani;x
4425;41;164;76;Kondavidu;x
4426;125;191;66;Chitradurg;x
4427;203;173;64;Honnavara;x
4428;169;212;66;Mudgal;x
4429;136;124;77;Rajapur;x
4430;152;147;85;Daman;x
4431;179;186;121;Kolhapur;x
4432;98;169;103;Junir;x
4433;163;195;165;Nasik;x
4434;186;154;125;Dharangaon;x
4435;88;201;147;Sholhapur;x
4436;136;232;0;Rachakonda;x
4437;54;129;205;Paithre;x
4438;205;54;168;Nander;x
4439;145;107;154;Khamammet;x
4440;130;111;51;Narayanpur;x
4441;194;210;199;Ganjam;x
4442;85;174;169;Washim;x
4443;149;183;181;Karanja;x
4444;34;42;215;Manidurg;x
4445;219;203;71;Kanker;x
4446;169;171;101;Kalahandi;x
4447;71;148;48;Patna-Garjat;x
4448;33;48;2;Parlakhimedi;x
4449;26;159;60;Jammu;x
4450;178;193;146;Mahurbanj;x
4451;177;236;52;Sonpur;x
4452;201;133;87;Ratanpur;x
4453;219;144;64;Thalner;x
4454;181;86;133;Porbandar;x
4455;185;186;60;Diu;x
4456;159;60;34;Jhalavad;x
4457;145;120;59;Cambay;x
4458;83;131;220;Narbada;x
4459;175;215;67;Saugor;x
4460;184;119;42;Handia;x
4461;110;157;103;Ujjain;x
4462;117;210;107;Vagad;x
4463;217;58;31;Bhatnair;x
4464;75;196;192;Bundi;x
4465;27;212;53;Ranthambore;x
4466;169;43;205;Mahoba;x
4467;123;99;213;Kalinjar;x
4468;139;196;111;Bandogarh;x
4469;160;208;76;Rohtasgarh;x
4470;154;48;40;Soumelpur;x
4471;167;163;46;Bishnupur;x
4472;179;62;43;Monghir;x
4473;113;133;32;Chakla;x
4474;24;58;154;Sonargaon;x
4475;143;28;164;Fathabad;x
4476;203;30;140;Nadia;x
4477;128;58;103;Satgaon;x
4478;61;102;20;Haibatnagar;x
4479;174;31;98;Goraghat;x
4480;205;97;50;Mahikantha;x
4481;136;104;42;Punakah;x
4482;140;34;49;Sikkim;x
4483;155;64;94;Morung;x
4484;118;110;21;Makwanpur;x
4485;193;52;118;Palpa;x
4486;171;177;19;Purnia;x
4487;148;81;21;Saran;x
4488;123;80;42;Champaran;x
4489;171;132;97;Hajipur;x
4490;174;36;95;Ghazipur;x
4491;156;116;221;Dang;x
4492;13;33;111;Doti;x
4493;230;154;212;Sirmur;x
4494;71;99;200;Khairabad;x
4495;33;52;116;Feyzabad;x
4496;30;17;88;Kora;x
4497;54;145;99;Qannauj;x
4498;255;102;0;Sambhal;x
4499;82;102;0;Bareily;x
4500;74;162;0;Bharatpur;x
4501;57;188;152;Bhilwara;x
4502;33;53;48;Merta;x
4503;26;88;92;Mansura;x
4504;177;200;201;Nasirpur;x
4505;36;125;131;Khairpur;x
4506;184;27;108;Barmer;x
4507;100;83;123;Churu;x
4508;66;30;116;Bahawalpur;x
4509;124;37;78;Karor;x
4510;193;162;69;Shorkot;x
4511;102;77;89;Bhera;x
4512;49;208;224;Bharuch;x
4513;50;71;157;Dipalpur;x
4514;219;157;116;Sakya;x
4515;86;55;145;Gyirong;x
4516;167;66;99;Purang;x
4517;52;169;90;Nedong;x
4518;61;145;123;Tsurphu;x
4519;68;108;100;Damxung;x
4520;118;126;72;Rutog;x
4521;63;93;131;Skardu;x
4522;108;61;52;Aqenganggyai;x
4651;226;121;0;Anuradhapura;x
4652;130;53;64;Sitawaka;x
4653;39;107;71;Bohol;x
4654;0;85;144;Lakshadweep;x